{"py/object": "rasa_core.featurizers.MaxHistoryTrackerFeaturizer", "max_history": 5, "remove_duplicates": true, "state_featurizer": {"py/object": "rasa_core.featurizers.BinarySingleStateFeaturizer", "input_state_map": {"entity_cuisine": 8, "entity_food": 10, "entity_item": 11, "entity_number": 12, "entity_order-number": 13, "entity_quant": 9, "intent_confirm.affirm": 0, "intent_confirm.deny": 1, "intent_cuisine.type": 2, "intent_greetings.bye": 3, "intent_greetings.hello": 4, "intent_item.order": 5, "intent_item.quantity": 6, "intent_selected.item": 7, "prev_action_deactivate_form": 22, "prev_action_default_fallback": 21, "prev_action_listen": 19, "prev_action_restart": 20, "prev_order.add_item": 33, "prev_order.process": 32, "prev_order.remove_item": 24, "prev_order.summary": 34, "prev_utter_agent.welcome": 26, "prev_utter_ask.cuisine": 31, "prev_utter_default": 39, "prev_utter_display.menu": 25, "prev_utter_greetings.bye": 28, "prev_utter_greetings.hello": 23, "prev_utter_item.not_available": 27, "prev_utter_item.quantity.how_many": 38, "prev_utter_order.anything_else": 36, "prev_utter_order.cancel": 35, "prev_utter_order.confirm": 30, "prev_utter_order.placed": 29, "prev_utter_select.item": 37, "slot_available_0": 14, "slot_available_1": 15, "slot_cuisine_0": 16, "slot_item_0": 17, "slot_number_0": 18}, "num_features": 40, "slot_feature_len": 5, "user_feature_len": 14}, "use_intent_probabilities": false}